{
    "RAW": {
        "schemas":[],
        "tables":["Trunc_salesline.sql"],
        "views":[],
        "procedures":[],
        "functions":[]
    },
    "CURATE": {
        "schemas":[],
        "tables":[],
        "views":[],
        "procedures":[],
        "functions":[]
    },
    "PUBLISH": {
        "schemas":[],
        "tables":[],
        "views":[],
        "procedures":[],
        "functions":[]
    },
    "AUDIT": {
        "schemas":[],
        "tables":[],
        "views":[],
        "procedures":[],
        "functions":[]
    }
}